{
	"InterconnectAlpha" : 0.00001586666667,
	"InterconnectBeta" :  79096702.69,
	"DAXPYAlpha" : 0,
	"DAXPYBeta" : 535049102.26895
}
	