{
	"InterconnectAlpha" : 0.00001586666667,
	"InterconnectBeta" :  12687354.4869175,
	"DAXPYAlpha" : 0,
	"DAXPYBeta" : 535049102.26895
}
	
