{
	"Latency" : 0.000006,
	"Bandwidth" :  321180111.028191
}
	