{
	"Latency" : 0.0000009,
	"Bandwidth" : 5916437345.46121
}
	
