{
	"Latency" : 0.0000025,
	"Bandwidth" :  904628271.847496
}
	