{
	"InterconnectAlpha" : 0.000003684615385,
	"InterconnectBeta" : 29309538.7,
	"DAXPYAlpha" : 0,
	"DAXPYBeta" : 443857013.284807
}
	
